"Rank";"Symbol";"Instrument";"Annualized return";"Average return";"Median return";"Pattern Start";"Pattern End";"Cal. Days";"Max Profit";"Max Loss";"No. of Winners";"No. of Trades";"Win Ratio";"Std Dev";"Sharpe Ratio";
"1";"BA";"The Boeing Company";"+1,320.91%";"+3.55%";"+2.09%";"24 Mar";"29 Mar";"5";"+19.27%";"-0.94%";"8";"10";"80%";"5.48%";"15.07";
"2";"ACGL";"Arch Capital Group Ltd";"+1,171.76%";"+3.40%";"+1.69%";"24 Mar";"29 Mar";"5";"+19.30%";"+0.10%";"10";"10";"100%";"5.32%";"25.55";
"3";"DAL";"Delta Air Lines, Inc";"+999.06%";"+3.20%";"+3.87%";"24 Mar";"29 Mar";"5";"+6.62%";"-1.02%";"7";"10";"70%";"2.81%";"17.78";
"4";"BEN";"Franklin Resources, Inc";"+888.67%";"+3.06%";"+3.72%";"24 Mar";"29 Mar";"5";"+8.94%";"-1.65%";"8";"10";"80%";"3.14%";"24.61";
"5";"PNR";"Pentair plc";"+757.01%";"+2.86%";"+3.22%";"24 Mar";"29 Mar";"5";"+9.70%";"-1.50%";"8";"10";"80%";"3.13%";"25.52";
"6";"GE";"General Electric Company";"+664.59%";"+2.71%";"+1.54%";"24 Mar";"29 Mar";"5";"+12.55%";"-0.59%";"8";"10";"80%";"3.66%";"15.57";
"7";"ETN";"Eaton Corporation plc";"+474.33%";"+2.32%";"+2.23%";"24 Mar";"29 Mar";"5";"+9.98%";"-1.47%";"7";"10";"70%";"3.02%";"15.29";
"8";"HBAN";"Huntington Bancshares Incorporated";"+461.66%";"+2.29%";"+1.05%";"24 Mar";"29 Mar";"5";"+12.72%";"-1.18%";"7";"10";"70%";"3.93%";"12.72";
"9";"GLW";"Corning Incorporated";"+436.57%";"+2.23%";"+1.12%";"24 Mar";"29 Mar";"5";"+7.83%";"-1.90%";"6";"10";"60%";"3.59%";"12.37";
"11";"TFC";"Truist Financial Corporation";"+364.97%";"+2.04%";"+1.40%";"24 Mar";"29 Mar";"5";"+8.10%";"-1.10%";"6";"10";"60%";"2.87%";"8.73";
"12";"PNC";"The PNC Financial Services Group, Inc";"+313.19%";"+1.88%";"+0.24%";"24 Mar";"29 Mar";"5";"+11.97%";"-1.16%";"6";"10";"60%";"3.78%";"7.74";
"13";"PAYX";"Paychex, Inc";"+307.09%";"+1.86%";"+1.39%";"24 Mar";"29 Mar";"5";"+8.16%";"-4.15%";"8";"10";"80%";"3.76%";"6.15";
"14";"TRMB";"Trimble Inc";"+337.32%";"+2.37%";"+2.65%";"24 Mar";"30 Mar";"6";"+8.80%";"-4.53%";"8";"10";"80%";"3.98%";"10.87";
"15";"F";"Ford Motor Company";"+278.50%";"+1.76%";"+1.49%";"24 Mar";"29 Mar";"5";"+5.47%";"-2.42%";"9";"10";"90%";"2.27%";"7.73";
"16";"UAL";"United Continental Holdings, Inc";"+273.79%";"+2.12%";"+3.47%";"24 Mar";"30 Mar";"6";"+8.14%";"-8.61%";"8";"10";"80%";"5.12%";"5.16";
"17";"EQT";"EQT Corporation";"+737.77%";"+16.20%";"+7.60%";"24 Mar";"19 Apr";"26";"+114.62%";"-1.35%";"8";"10";"80%";"27.01%";"15.27";
"18";"GNRC";"Generac Holdings Inc";"+202.61%";"+1.47%";"+0.42%";"24 Mar";"29 Mar";"5";"+9.12%";"-0.81%";"7";"10";"70%";"2.89%";"4.32";
"19";"GM";"General Motors Company";"+192.53%";"+1.42%";"+0.96%";"24 Mar";"29 Mar";"5";"+5.90%";"-2.05%";"8";"10";"80%";"2.30%";"5.70";
"20";"LUV";"Southwest Airlines Co";"+191.62%";"+1.71%";"+2.20%";"24 Mar";"30 Mar";"6";"+7.64%";"-6.80%";"7";"10";"70%";"5.23%";"4.13";
"21";"PEAK";"Healthpeak Properties, Inc. Com";"+373.96%";"+6.51%";"+4.18%";"24 Mar";"08 Apr";"15";"+26.09%";"-2.43%";"9";"10";"90%";"7.08%";"9.04";
"22";"MKC";"McCormick & Company, Incorporated";"+353.52%";"+6.32%";"+5.17%";"24 Mar";"08 Apr";"15";"+19.35%";"-0.96%";"8";"10";"80%";"6.47%";"12.48";
"23";"MRO";"Marathon Oil Corporation";"+308.29%";"+11.73%";"+11.05%";"24 Mar";"22 Apr";"29";"+39.36%";"-2.08%";"8";"10";"80%";"11.41%";"6.27";
"24";"DVN";"Devon Energy Corporation";"+288.23%";"+11.29%";"+12.16%";"24 Mar";"22 Apr";"29";"+32.98%";"-6.00%";"8";"10";"80%";"12.55%";"5.81";
"25";"AAL";"American Airlines Group Inc";"+142.29%";"+1.17%";"+1.33%";"24 Mar";"29 Mar";"5";"+8.61%";"-12.00%";"7";"10";"70%";"5.87%";"2.15";
"26";"AMT";"American Tower Corporation (REIT)";"+321.06%";"+6.00%";"+3.77%";"24 Mar";"08 Apr";"15";"+31.00%";"-1.39%";"8";"10";"80%";"8.81%";"8.78";
"27";"HES";"Hess Corporation";"+237.66%";"+10.07%";"+12.29%";"24 Mar";"22 Apr";"29";"+21.65%";"-2.98%";"8";"10";"80%";"7.81%";"5.16";
"28";"APA";"Apache Corporation";"+295.87%";"+11.46%";"+8.72%";"24 Mar";"22 Apr";"29";"+69.32%";"-5.08%";"8";"10";"80%";"17.58%";"5.07";
"30";"EXR";"Extra Space Storage Inc";"+285.64%";"+5.62%";"+4.43%";"24 Mar";"08 Apr";"15";"+25.37%";"-1.19%";"8";"10";"80%";"7.06%";"10.03";
"31";"PCG";"PG&E Corporation";"+321.47%";"+8.11%";"+4.43%";"24 Mar";"13 Apr";"20";"+31.37%";"-1.22%";"8";"10";"80%";"11.12%";"6.01";
"32";"CCL";"Carnival Corporation";"+130.45%";"+1.33%";"+3.16%";"24 Mar";"30 Mar";"6";"+10.08%";"-7.87%";"6";"10";"60%";"6.67%";"1.37";
"33";"FCX";"Freeport-McMoRan Inc";"+232.75%";"+8.51%";"+8.68%";"24 Mar";"18 Apr";"25";"+18.35%";"-2.65%";"8";"10";"80%";"6.51%";"4.83";
"34";"KHC";"The Kraft Heinz Company";"+292.39%";"+8.91%";"+3.42%";"24 Mar";"16 Apr";"23";"+42.83%";"-0.75%";"8";"10";"80%";"12.65%";"6.50";
"35";"WBA";"Walgreens Boots Alliance, Inc";"+106.28%";"+0.96%";"+1.33%";"24 Mar";"29 Mar";"5";"+4.43%";"-2.96%";"7";"10";"70%";"2.29%";"2.29";
"36";"COP";"ConocoPhillips";"+169.69%";"+6.97%";"+10.41%";"24 Mar";"18 Apr";"25";"+12.46%";"-4.36%";"7";"10";"70%";"6.58%";"4.15";
"37";"CZR";"Caesars Entertainment Corporation";"+235.57%";"+8.57%";"+5.93%";"24 Mar";"18 Apr";"25";"+43.23%";"-13.44%";"8";"10";"80%";"14.54%";"3.03";
"38";"FANG";"Diamondback Energy, Inc";"+178.99%";"+8.43%";"+9.10%";"24 Mar";"22 Apr";"29";"+41.96%";"-9.14%";"8";"10";"80%";"13.00%";"3.44";
"39";"CCI";"Crown Castle International Corp. (REIT)";"+235.31%";"+5.02%";"+2.73%";"24 Mar";"08 Apr";"15";"+27.20%";"-2.22%";"8";"10";"80%";"8.08%";"7.19";
"40";"HAL";"Halliburton Company";"+157.97%";"+7.76%";"+10.17%";"24 Mar";"22 Apr";"29";"+24.13%";"-9.77%";"8";"10";"80%";"10.36%";"3.54";
"41";"PXD";"Pioneer Natural Resources Company";"+200.90%";"+7.12%";"+7.42%";"24 Mar";"16 Apr";"23";"+22.64%";"-7.67%";"8";"10";"80%";"9.11%";"4.79";
"42";"EQR";"Equity Residential";"+219.60%";"+4.82%";"+3.43%";"24 Mar";"08 Apr";"15";"+25.12%";"-3.45%";"9";"10";"90%";"7.18%";"6.36";
"43";"CE";"Celanese Corporation";"+172.89%";"+8.24%";"+8.67%";"24 Mar";"22 Apr";"29";"+18.23%";"-0.80%";"8";"10";"80%";"5.77%";"4.65";
"44";"MAA";"Mid-America Apartment Communities, Inc";"+209.81%";"+4.69%";"+4.00%";"24 Mar";"08 Apr";"15";"+24.39%";"-0.18%";"9";"10";"90%";"6.53%";"6.29";
"45";"EW";"Edwards Lifesciences Corporation";"+159.49%";"+7.81%";"+9.05%";"24 Mar";"22 Apr";"29";"+24.03%";"-5.88%";"7";"10";"70%";"10.04%";"4.30";
"46";"WELL";"Welltower Inc";"+193.63%";"+4.46%";"+4.56%";"24 Mar";"08 Apr";"15";"+13.71%";"-3.38%";"8";"10";"80%";"4.66%";"4.15";
"47";"UDR";"UDR, Inc";"+205.81%";"+4.63%";"+3.28%";"24 Mar";"08 Apr";"15";"+26.34%";"-2.50%";"9";"10";"90%";"7.31%";"5.49";
"48";"ISRG";"Intuitive Surgical, Inc";"+163.37%";"+7.08%";"+8.35%";"24 Mar";"19 Apr";"26";"+20.01%";"-12.73%";"8";"10";"80%";"9.73%";"3.93";
"49";"PM";"Philip Morris International Inc";"+186.75%";"+6.80%";"+6.77%";"24 Mar";"16 Apr";"23";"+18.54%";"-2.33%";"9";"10";"90%";"5.31%";"7.86";
"50";"WMB";"The Williams Companies, Inc";"+212.57%";"+8.38%";"+5.02%";"24 Mar";"19 Apr";"26";"+43.11%";"+0.21%";"10";"10";"100%";"11.43%";"6.30";
"51";"LKQ";"LKQ Corporation";"+156.44%";"+7.99%";"+8.41%";"24 Mar";"23 Apr";"30";"+20.67%";"+0.14%";"10";"10";"100%";"5.33%";"4.06";
"52";"CPT";"Camden Property Trust";"+206.16%";"+4.64%";"+2.93%";"24 Mar";"08 Apr";"15";"+23.22%";"-0.01%";"9";"10";"90%";"6.18%";"6.04";
"53";"TRGP";"Targa Resources Corp";"+212.16%";"+9.39%";"+4.72%";"24 Mar";"22 Apr";"29";"+41.32%";"-0.93%";"9";"10";"90%";"10.96%";"4.63";
"54";"STZ";"Constellation Brands, Inc";"+200.66%";"+7.44%";"+5.20%";"24 Mar";"17 Apr";"24";"+31.40%";"-1.60%";"8";"10";"80%";"8.74%";"6.09";
"55";"OXY";"Occidental Petroleum Corporation";"+202.94%";"+6.19%";"+4.34%";"24 Mar";"13 Apr";"20";"+43.00%";"-10.24%";"8";"10";"80%";"12.94%";"4.14";
"56";"BSX";"Boston Scientific Corporation";"+169.83%";"+7.26%";"+6.75%";"24 Mar";"19 Apr";"26";"+32.00%";"-7.20%";"9";"10";"90%";"9.25%";"5.78";
"57";"PSA";"Public Storage";"+196.36%";"+4.50%";"+2.42%";"24 Mar";"08 Apr";"15";"+18.04%";"-2.78%";"8";"10";"80%";"5.94%";"8.33";
"58";"VTR";"Ventas, Inc";"+189.61%";"+4.40%";"+2.84%";"24 Mar";"08 Apr";"15";"+20.64%";"-2.67%";"9";"10";"90%";"5.93%";"3.92";
"59";"QRVO";"Qorvo, Inc";"+85.78%";"+0.82%";"+1.06%";"24 Mar";"29 Mar";"5";"+4.13%";"-3.94%";"7";"10";"70%";"2.59%";"1.84";
"60";"SLB";"Schlumberger Limited";"+153.28%";"+6.51%";"+6.99%";"24 Mar";"18 Apr";"25";"+17.05%";"-3.25%";"9";"10";"90%";"5.69%";"3.81";
"61";"STX";"Seagate Technology plc";"+163.11%";"+4.55%";"+5.24%";"24 Mar";"10 Apr";"17";"+17.14%";"-10.01%";"9";"10";"90%";"7.26%";"4.85";
"62";"NEM";"Newmont Mining Corporation";"+191.79%";"+6.60%";"+3.74%";"24 Mar";"15 Apr";"22";"+22.57%";"-0.21%";"8";"10";"80%";"6.80%";"5.41";
"63";"CTRA";"Coterra Energy Inc";"+161.90%";"+6.19%";"+5.48%";"24 Mar";"16 Apr";"23";"+18.10%";"-9.16%";"8";"10";"80%";"7.82%";"4.88";
"65";"EOG";"EOG Resources, Inc";"+112.35%";"+6.12%";"+8.62%";"24 Mar";"22 Apr";"29";"+15.64%";"-5.25%";"7";"10";"70%";"7.10%";"2.79";
"66";"OKE";"ONEOK, Inc";"+163.96%";"+7.95%";"+4.94%";"24 Mar";"22 Apr";"29";"+24.86%";"-1.63%";"9";"10";"90%";"8.64%";"3.68";
"67";"WST";"West Pharmaceutical Services, Inc";"+122.96%";"+6.76%";"+7.66%";"24 Mar";"23 Apr";"30";"+38.47%";"-14.53%";"7";"10";"70%";"13.58%";"4.01";
"68";"PEG";"Public Service Enterprise Group Incorpor";"+154.54%";"+6.01%";"+5.66%";"24 Mar";"16 Apr";"23";"+27.93%";"-1.39%";"8";"10";"80%";"7.82%";"6.52";
"69";"MLM";"Martin Marietta Materials, Inc";"+166.49%";"+4.33%";"+3.34%";"24 Mar";"09 Apr";"16";"+29.78%";"-4.63%";"7";"10";"70%";"9.21%";"4.08";
"70";"CSX";"CSX Corporation";"+106.00%";"+6.07%";"+8.52%";"24 Mar";"23 Apr";"30";"+11.08%";"-5.56%";"8";"10";"80%";"5.67%";"3.66";
"71";"TYL";"Tyler Technologies, Inc";"+119.11%";"+5.47%";"+7.84%";"24 Mar";"18 Apr";"25";"+21.06%";"-11.76%";"8";"10";"80%";"10.89%";"3.64";
"72";"EMN";"Eastman Chemical Company";"+170.74%";"+6.41%";"+4.19%";"24 Mar";"16 Apr";"23";"+25.61%";"-1.64%";"9";"10";"90%";"7.34%";"5.16";
"73";"SNA";"Snap-on Incorporated";"+125.40%";"+6.86%";"+6.81%";"24 Mar";"23 Apr";"30";"+13.32%";"-0.98%";"9";"10";"90%";"3.99%";"3.67";
"74";"HAS";"Hasbro, Inc";"+149.09%";"+7.73%";"+5.11%";"24 Mar";"23 Apr";"30";"+19.88%";"+0.16%";"10";"10";"100%";"7.04%";"4.35";
"75";"TSLA";"Tesla, Inc";"+186.67%";"+6.49%";"+2.66%";"24 Mar";"15 Apr";"22";"+44.52%";"-11.93%";"6";"10";"60%";"14.82%";"3.16";
"76";"NWSA";"News Corporation";"+75.34%";"+0.74%";"+1.19%";"24 Mar";"29 Mar";"5";"+4.38%";"-3.31%";"6";"10";"60%";"2.55%";"2.11";
"77";"STE";"STERIS plc";"+149.72%";"+6.68%";"+4.67%";"24 Mar";"19 Apr";"26";"+33.31%";"+0.66%";"10";"10";"100%";"8.76%";"5.63";
"78";"PLD";"Prologis, Inc";"+123.26%";"+6.77%";"+6.22%";"24 Mar";"23 Apr";"30";"+22.96%";"-4.10%";"9";"10";"90%";"6.50%";"4.30";
"79";"FMC";"FMC Corporation";"+130.13%";"+6.79%";"+5.81%";"24 Mar";"22 Apr";"29";"+23.10%";"-1.99%";"7";"10";"70%";"8.12%";"3.62";
"80";"EXC";"Exelon Corporation";"+152.95%";"+3.83%";"+2.94%";"24 Mar";"08 Apr";"15";"+12.73%";"-1.73%";"7";"10";"70%";"5.00%";"4.57";
"81";"EPAM";"EPAM Systems, Inc";"+153.94%";"+6.53%";"+4.28%";"24 Mar";"18 Apr";"25";"+21.28%";"-2.38%";"9";"10";"90%";"7.02%";"3.18";
"82";"NRG";"NRG Energy, Inc";"+131.09%";"+5.85%";"+5.70%";"24 Mar";"18 Apr";"25";"+20.46%";"-4.94%";"9";"10";"90%";"6.38%";"4.17";
"83";"CAT";"Caterpillar Inc";"+137.56%";"+6.05%";"+5.15%";"24 Mar";"18 Apr";"25";"+14.12%";"+2.43%";"10";"10";"100%";"3.26%";"4.60";
"84";"DG";"Dollar General Corporation";"+140.11%";"+6.38%";"+4.90%";"24 Mar";"19 Apr";"26";"+26.50%";"-2.13%";"7";"10";"70%";"8.36%";"6.75";
"85";"NUE";"Nucor Corporation";"+130.22%";"+6.07%";"+5.57%";"24 Mar";"19 Apr";"26";"+15.62%";"-2.97%";"8";"10";"80%";"6.49%";"4.11";
"86";"ADM";"Archer-Daniels-Midland Company";"+121.65%";"+5.32%";"+6.25%";"24 Mar";"17 Apr";"24";"+15.07%";"-1.97%";"9";"10";"90%";"4.31%";"5.18";
"87";"FTNT";"Fortinet, Inc";"+109.59%";"+6.22%";"+6.69%";"24 Mar";"23 Apr";"30";"+17.78%";"-3.64%";"8";"10";"80%";"6.48%";"2.96";
"88";"WHR";"Whirlpool Corporation";"+106.59%";"+6.10%";"+6.83%";"24 Mar";"23 Apr";"30";"+22.88%";"-3.70%";"7";"10";"70%";"7.85%";"3.37";
"89";"GPN";"Global Payments Inc";"+134.83%";"+5.97%";"+5.02%";"24 Mar";"18 Apr";"25";"+27.84%";"-5.87%";"8";"10";"80%";"8.61%";"3.58";
"90";"PPG";"PPG Industries, Inc";"+138.62%";"+5.83%";"+4.74%";"24 Mar";"17 Apr";"24";"+13.92%";"-2.33%";"9";"10";"90%";"5.84%";"4.71";
"91";"AVY";"Avery Dennison Corporation";"+143.33%";"+3.67%";"+2.91%";"24 Mar";"08 Apr";"15";"+13.90%";"-1.76%";"9";"10";"90%";"4.49%";"5.19";
"92";"CAG";"Conagra Brands, Inc";"+156.65%";"+6.88%";"+3.23%";"24 Mar";"19 Apr";"26";"+27.70%";"+0.02%";"10";"10";"100%";"7.99%";"7.13";
"93";"SPG";"Simon Property Group, Inc";"+140.98%";"+3.63%";"+2.95%";"24 Mar";"08 Apr";"15";"+14.95%";"-2.04%";"9";"10";"90%";"4.49%";"2.67";
"94";"LYB";"LyondellBasell Industries N.V";"+140.00%";"+5.87%";"+4.30%";"24 Mar";"17 Apr";"24";"+15.23%";"-2.60%";"9";"10";"90%";"5.61%";"3.54";
"95";"CVX";"Chevron Corporation";"+134.71%";"+5.72%";"+4.64%";"24 Mar";"17 Apr";"24";"+30.98%";"-2.13%";"7";"10";"70%";"8.78%";"3.90";
"96";"CARR";"Carraro S.p.A";"+139.95%";"+6.62%";"+3.94%";"24 Mar";"20 Apr";"27";"+27.83%";"-6.18%";"6";"8";"75%";"10.07%";"5.07";
"97";"LMT";"Lockheed Martin Corporation";"+145.10%";"+6.02%";"+3.56%";"24 Mar";"17 Apr";"24";"+38.97%";"-4.17%";"9";"10";"90%";"10.68%";"5.46";
"98";"VRTX";"Vertex Pharmaceuticals Incorporated";"+102.20%";"+5.71%";"+6.36%";"24 Mar";"22 Apr";"29";"+30.76%";"-8.34%";"7";"10";"70%";"11.60%";"2.27";
"99";"CBRE";"CBRE Group, Inc";"+125.02%";"+5.19%";"+4.95%";"24 Mar";"16 Apr";"23";"+25.63%";"-4.91%";"7";"10";"70%";"8.44%";"3.27";
"100";"HCA";"HCA Healthcare, Inc";"+143.01%";"+3.66%";"+2.15%";"24 Mar";"08 Apr";"15";"+24.56%";"-1.70%";"7";"10";"70%";"7.12%";"3.52";
"101";"PTC";"PTC Inc";"+111.70%";"+6.31%";"+5.39%";"24 Mar";"23 Apr";"30";"+19.59%";"-7.51%";"8";"10";"80%";"8.47%";"3.37";
"102";"PRU";"Prudential Financial, Inc";"+91.77%";"+5.46%";"+6.88%";"24 Mar";"23 Apr";"30";"+15.24%";"-5.50%";"8";"10";"80%";"7.29%";"2.72";
"103";"TXT";"Textron Inc";"+91.96%";"+5.28%";"+6.89%";"24 Mar";"22 Apr";"29";"+15.80%";"-9.07%";"8";"10";"80%";"7.51%";"2.25";
"104";"LNC";"Lincoln National Corporation";"+114.88%";"+6.44%";"+4.82%";"24 Mar";"23 Apr";"30";"+27.16%";"-5.82%";"7";"10";"70%";"9.29%";"2.48";
"105";"MGM";"MGM Resorts International";"+93.10%";"+5.52%";"+6.44%";"24 Mar";"23 Apr";"30";"+13.14%";"-6.42%";"7";"10";"70%";"6.48%";"2.03";
"106";"CL";"Colgate-Palmolive Company";"+130.83%";"+5.36%";"+3.98%";"24 Mar";"16 Apr";"23";"+19.06%";"+0.54%";"10";"10";"100%";"5.04%";"7.62";
"107";"MRK";"Merck & Co., Inc";"+116.88%";"+4.73%";"+5.00%";"24 Mar";"15 Apr";"22";"+18.86%";"-4.64%";"7";"10";"70%";"6.50%";"4.55";
"108";"BAX";"Baxter International Inc";"+128.88%";"+6.02%";"+4.06%";"24 Mar";"19 Apr";"26";"+27.37%";"-3.07%";"8";"10";"80%";"8.14%";"5.18";
"109";"SWK";"Stanley Black & Decker, Inc";"+94.83%";"+5.59%";"+6.30%";"24 Mar";"23 Apr";"30";"+17.24%";"-8.96%";"9";"10";"90%";"6.82%";"2.63";
"110";"BLK";"BlackRock, Inc";"+122.14%";"+5.80%";"+4.45%";"24 Mar";"19 Apr";"26";"+26.66%";"-4.97%";"8";"10";"80%";"8.97%";"3.70";
"111";"BWA";"BorgWarner Inc";"+119.20%";"+6.61%";"+4.33%";"24 Mar";"23 Apr";"30";"+19.76%";"-2.08%";"8";"10";"80%";"7.73%";"3.32";
"112";"IFF";"International Flavors & Fragrances Inc";"+118.56%";"+6.36%";"+4.43%";"24 Mar";"22 Apr";"29";"+24.03%";"-2.63%";"8";"10";"80%";"7.60%";"4.02";
"113";"SWKS";"Skyworks Solutions, Inc";"+64.30%";"+0.65%";"+0.82%";"24 Mar";"29 Mar";"5";"+4.75%";"-4.45%";"7";"10";"70%";"2.51%";"1.26";
"114";"HII";"Huntington Ingalls Industries, Inc";"+107.81%";"+5.09%";"+5.41%";"24 Mar";"18 Apr";"25";"+16.25%";"-2.87%";"8";"10";"80%";"5.75%";"3.75";
"115";"AMCR.US";"Amcor PLC";"+125.35%";"+3.58%";"+3.28%";"24 Mar";"09 Apr";"16";"+21.81%";"-4.26%";"8";"10";"80%";"6.61%";"9.12";
"116";"T";"at&t Inc";"+113.42%";"+5.06%";"+4.95%";"24 Mar";"17 Apr";"24";"+13.78%";"-1.78%";"9";"10";"90%";"4.90%";"4.81";
"117";"PFE";"Pfizer Inc";"+135.15%";"+3.53%";"+2.09%";"24 Mar";"08 Apr";"15";"+16.50%";"-1.97%";"9";"10";"90%";"5.09%";"5.35";
"118";"INCY";"Incyte Corporation";"+109.33%";"+2.21%";"+2.41%";"24 Mar";"04 Apr";"11";"+26.22%";"-9.34%";"6";"10";"60%";"9.35%";"2.64";
"119";"FRC";"First Republic Bank";"+108.42%";"+6.17%";"+4.88%";"24 Mar";"23 Apr";"30";"+29.45%";"-5.93%";"8";"10";"80%";"10.34%";"2.78";
"120";"WAB";"Westinghouse Air Brake Technologies Corp";"+74.50%";"+4.65%";"+7.30%";"24 Mar";"23 Apr";"30";"+13.19%";"-7.94%";"8";"10";"80%";"7.58%";"2.26";
"121";"TDY";"Teledyne Technologies Incorporated";"+102.78%";"+5.73%";"+5.09%";"24 Mar";"22 Apr";"29";"+17.15%";"-1.11%";"8";"10";"80%";"5.56%";"3.60";
"122";"TAP";"Molson Coors Brewing Company";"+116.37%";"+5.38%";"+4.27%";"24 Mar";"18 Apr";"25";"+16.07%";"-0.92%";"8";"10";"80%";"5.78%";"4.36";
"123";"CRL";"Charles River Laboratories International";"+122.56%";"+3.07%";"+2.40%";"24 Mar";"07 Apr";"14";"+21.08%";"-6.05%";"6";"10";"60%";"8.23%";"3.04";
"124";"DXCM";"DexCom, Inc";"+82.18%";"+5.02%";"+6.50%";"24 Mar";"23 Apr";"30";"+36.34%";"-16.43%";"6";"10";"60%";"15.75%";"2.04";
"125";"RCL";"Royal Caribbean Cruises Ltd";"+119.07%";"+3.23%";"+2.94%";"24 Mar";"08 Apr";"15";"+10.06%";"-3.99%";"7";"10";"70%";"4.56%";"1.49";
"126";"ULTA";"Ulta Beauty, Inc";"+86.06%";"+5.20%";"+6.07%";"24 Mar";"23 Apr";"30";"+18.63%";"-12.88%";"8";"10";"80%";"8.85%";"2.37";
"127";"KMI";"Kinder Morgan, Inc";"+93.78%";"+4.59%";"+5.73%";"24 Mar";"18 Apr";"25";"+14.05%";"-3.68%";"9";"10";"90%";"4.65%";"3.15";
"128";"ZBRA";"Zebra Technologies Corporation";"+98.95%";"+3.02%";"+4.77%";"24 Mar";"09 Apr";"16";"+11.45%";"-4.37%";"6";"10";"60%";"5.78%";"3.00";
"129";"YUM";"YUM! Brands, Inc";"+112.29%";"+6.33%";"+3.92%";"24 Mar";"23 Apr";"30";"+22.90%";"+1.31%";"10";"10";"100%";"5.86%";"3.91";
"130";"BXP";"Boston Properties, Inc";"+121.34%";"+3.72%";"+2.98%";"24 Mar";"10 Apr";"17";"+16.02%";"-4.00%";"8";"10";"80%";"5.42%";"3.89";
"131";"DGX";"Quest Diagnostics Incorporated";"+90.86%";"+5.41%";"+5.41%";"24 Mar";"23 Apr";"30";"+27.94%";"-3.31%";"7";"10";"70%";"8.12%";"2.79";
"132";"AMZN";"Amazon.com, Inc";"+66.56%";"+4.25%";"+7.36%";"24 Mar";"23 Apr";"30";"+23.68%";"-10.74%";"7";"10";"70%";"9.80%";"2.22";
"133";"SHW";"The Sherwin-Williams Company";"+82.50%";"+4.86%";"+6.11%";"24 Mar";"22 Apr";"29";"+11.97%";"-2.00%";"7";"10";"70%";"5.41%";"2.85";
"134";"MO";"Altria Group, Inc";"+127.62%";"+4.56%";"+2.81%";"24 Mar";"13 Apr";"20";"+24.89%";"-2.56%";"9";"10";"90%";"6.97%";"5.27";
"135";"IP";"International Paper Company";"+130.71%";"+4.40%";"+2.48%";"24 Mar";"12 Apr";"19";"+23.29%";"-1.52%";"7";"10";"70%";"6.93%";"4.81";
"136";"STLD";"Steel Dynamics, Inc";"+85.97%";"+5.01%";"+5.70%";"24 Mar";"22 Apr";"29";"+10.80%";"-4.48%";"9";"10";"90%";"4.94%";"2.29";
"137";"BDX";"Becton, Dickinson and Company";"+106.87%";"+5.27%";"+4.30%";"24 Mar";"19 Apr";"26";"+29.87%";"-6.72%";"9";"10";"90%";"9.14%";"4.55";
"138";"KO";"The Coca-Cola Company";"+106.57%";"+5.05%";"+4.32%";"24 Mar";"18 Apr";"25";"+17.95%";"+0.47%";"10";"10";"100%";"4.51%";"4.83";
"139";"SEE";"Sealed Air Corporation";"+109.62%";"+5.37%";"+4.01%";"24 Mar";"19 Apr";"26";"+29.53%";"-4.19%";"8";"10";"80%";"8.85%";"3.47";
"140";"AZO";"AutoZone, Inc";"+90.12%";"+5.38%";"+5.22%";"24 Mar";"23 Apr";"30";"+24.40%";"-6.11%";"7";"10";"70%";"8.84%";"3.23";
"141";"BKR";"Baker Hughes, a GE company";"+87.32%";"+4.35%";"+5.73%";"24 Mar";"18 Apr";"25";"+15.38%";"-9.24%";"7";"10";"70%";"8.93%";"2.18";
"142";"NDSN";"Nordson Corporation";"+104.93%";"+5.82%";"+4.08%";"24 Mar";"22 Apr";"29";"+28.37%";"-2.95%";"9";"10";"90%";"8.22%";"3.62";
"143";"PWR";"Quanta Services, Inc";"+118.39%";"+5.00%";"+3.37%";"24 Mar";"16 Apr";"23";"+18.49%";"-3.49%";"8";"10";"80%";"7.01%";"3.97";
"144";"GIS";"General Mills, Inc";"+112.09%";"+5.45%";"+3.66%";"24 Mar";"19 Apr";"26";"+27.08%";"-1.74%";"8";"10";"80%";"7.57%";"6.27";
"145";"INTC";"Intel Corporation";"+85.99%";"+3.95%";"+5.56%";"24 Mar";"16 Apr";"23";"+16.01%";"-9.65%";"7";"10";"70%";"7.05%";"2.50";
"146";"RTX";"Raytheon Technologies Corp";"+104.58%";"+4.77%";"+4.13%";"24 Mar";"17 Apr";"24";"+21.01%";"-3.20%";"8";"10";"80%";"6.37%";"2.83";
"147";"IQV";"IQVIA Holdings Inc";"+111.42%";"+6.30%";"+3.23%";"24 Mar";"23 Apr";"30";"+31.74%";"-3.59%";"6";"10";"60%";"11.55%";"3.33";
"148";"CHD";"Church & Dwight Co., Inc";"+104.78%";"+4.58%";"+4.03%";"24 Mar";"16 Apr";"23";"+15.78%";"+0.24%";"10";"10";"100%";"4.39%";"5.29";
"149";"DTE";"DTE Energy Company";"+106.63%";"+4.63%";"+3.90%";"24 Mar";"16 Apr";"23";"+17.40%";"-1.84%";"8";"10";"80%";"5.39%";"3.89";
"150";"XOM";"Exxon Mobil Corporation";"+100.65%";"+5.64%";"+3.98%";"24 Mar";"22 Apr";"29";"+18.88%";"-1.90%";"8";"10";"80%";"6.05%";"3.58";
"151";"XEL";"Xcel Energy Inc";"+98.99%";"+4.39%";"+4.38%";"24 Mar";"16 Apr";"23";"+20.72%";"-3.87%";"7";"10";"70%";"6.60%";"4.08";
"152";"MPC";"Marathon Petroleum Corporation";"+125.66%";"+6.63%";"+2.08%";"24 Mar";"22 Apr";"29";"+41.09%";"-2.09%";"8";"10";"80%";"11.32%";"2.49";
"153";"MET";"MetLife, Inc";"+100.15%";"+4.82%";"+4.20%";"24 Mar";"18 Apr";"25";"+17.89%";"-4.41%";"7";"10";"70%";"6.73%";"2.81";
"154";"LLY";"Eli Lilly and Company";"+106.24%";"+4.42%";"+3.69%";"24 Mar";"15 Apr";"22";"+23.02%";"-4.46%";"7";"10";"70%";"7.55%";"4.31";
"155";"SYK";"Stryker Corporation";"+92.72%";"+5.50%";"+4.35%";"24 Mar";"23 Apr";"30";"+27.68%";"-3.95%";"7";"10";"70%";"8.95%";"2.70";
"156";"NOC";"Northrop Grumman Corporation";"+112.43%";"+5.03%";"+3.21%";"24 Mar";"17 Apr";"24";"+26.67%";"-1.19%";"8";"10";"80%";"7.39%";"4.66";
"157";"IRM";"Iron Mountain Incorporated";"+73.57%";"+4.44%";"+5.97%";"24 Mar";"22 Apr";"29";"+10.72%";"-3.78%";"8";"10";"80%";"4.64%";"2.65";
"158";"MCO";"Moody's Corporation";"+90.73%";"+5.41%";"+4.49%";"24 Mar";"23 Apr";"30";"+22.61%";"-1.21%";"7";"10";"70%";"6.60%";"3.19";
"159";"DLR";"Digital Realty Trust, Inc";"+95.93%";"+5.64%";"+4.05%";"24 Mar";"23 Apr";"30";"+27.25%";"-1.38%";"7";"10";"70%";"7.78%";"3.29";
"160";"DUK";"Duke Energy Corporation";"+107.88%";"+4.67%";"+3.48%";"24 Mar";"16 Apr";"23";"+22.50%";"-1.85%";"8";"10";"80%";"6.37%";"4.20";
"161";"AWK";"American Water Works Company, Inc";"+86.67%";"+5.22%";"+4.73%";"24 Mar";"23 Apr";"30";"+19.94%";"-1.77%";"9";"10";"90%";"5.79%";"3.22";
"162";"EQIX";"Equinix, Inc. (REIT)";"+91.73%";"+5.45%";"+4.35%";"24 Mar";"23 Apr";"30";"+25.57%";"-0.65%";"8";"10";"80%";"7.04%";"3.40";
"163";"ALL";"The Allstate Corporation";"+116.78%";"+5.62%";"+2.72%";"24 Mar";"19 Apr";"26";"+31.83%";"-1.53%";"8";"10";"80%";"9.00%";"4.35";
"164";"FLT";"FleetCor Technologies, Inc";"+72.83%";"+4.57%";"+5.80%";"24 Mar";"23 Apr";"30";"+14.80%";"-4.25%";"8";"10";"80%";"5.60%";"2.08";
"165";"LHX";"L3Harris Technologies, Inc";"+113.33%";"+4.84%";"+2.96%";"24 Mar";"16 Apr";"23";"+22.31%";"-1.68%";"7";"10";"70%";"6.94%";"4.31";
"166";"HSIC";"Henry Schein, Inc";"+82.41%";"+5.03%";"+4.97%";"24 Mar";"23 Apr";"30";"+13.04%";"-1.42%";"8";"10";"80%";"5.44%";"3.03";
"167";"O";"Realty Income Corporation";"+98.82%";"+2.82%";"+3.17%";"24 Mar";"08 Apr";"15";"+8.44%";"-3.48%";"8";"10";"80%";"3.30%";"2.79";
"168";"BG";"Bunge Limited";"+107.22%";"+4.86%";"+3.30%";"24 Mar";"17 Apr";"24";"+14.54%";"-3.92%";"9";"10";"90%";"5.49%";"3.47";
"169";"WY";"Weyerhaeuser Company";"+77.73%";"+4.80%";"+5.21%";"24 Mar";"23 Apr";"30";"+12.98%";"-7.11%";"8";"10";"80%";"6.25%";"2.46";
"171";"HRL";"Hormel Foods Corporation";"+85.98%";"+1.68%";"+2.16%";"24 Mar";"03 Apr";"10";"+7.87%";"-4.86%";"7";"10";"70%";"3.36%";"3.17";
"172";"CAH";"Cardinal Health, Inc";"+116.40%";"+4.72%";"+2.54%";"24 Mar";"15 Apr";"22";"+16.15%";"-3.76%";"8";"10";"80%";"6.44%";"3.90";
"173";"AES";"The AES Corporation";"+112.28%";"+3.95%";"+2.69%";"24 Mar";"12 Apr";"19";"+13.96%";"-3.54%";"8";"10";"80%";"5.48%";"3.71";
"174";"CNP";"CenterPoint Energy, Inc";"+108.78%";"+4.70%";"+3.13%";"24 Mar";"16 Apr";"23";"+15.85%";"-2.11%";"9";"10";"90%";"5.56%";"3.12";
"175";"NTAP";"NetApp, Inc";"+82.79%";"+3.84%";"+5.05%";"24 Mar";"16 Apr";"23";"+16.43%";"-11.21%";"6";"10";"60%";"9.21%";"2.32";
"176";"ES";"Eversource Energy";"+97.83%";"+4.35%";"+3.87%";"24 Mar";"16 Apr";"23";"+25.69%";"-2.26%";"7";"10";"70%";"7.48%";"3.35";
"177";"REG";"Regency Centers Corporation";"+96.09%";"+2.96%";"+3.31%";"24 Mar";"09 Apr";"16";"+11.84%";"-3.58%";"8";"10";"80%";"3.93%";"2.57";
"178";"IDXX";"IDEXX Laboratories, Inc";"+88.15%";"+5.29%";"+4.11%";"24 Mar";"23 Apr";"30";"+30.94%";"-12.61%";"8";"10";"80%";"11.35%";"3.20";
"179";"DISH";"DISH Network Corporation";"+97.32%";"+2.98%";"+3.22%";"24 Mar";"09 Apr";"16";"+11.23%";"-9.41%";"8";"10";"80%";"5.89%";"2.40";
"180";"KMX";"CarMax, Inc";"+93.99%";"+5.55%";"+3.60%";"24 Mar";"23 Apr";"30";"+25.51%";"-8.99%";"8";"10";"80%";"11.44%";"1.94";
"181";"XYL";"Xylem Inc";"+73.67%";"+4.45%";"+5.30%";"24 Mar";"22 Apr";"29";"+11.58%";"-1.93%";"8";"10";"80%";"4.28%";"2.59";
"182";"AVB";"AvalonBay Communities, Inc";"+109.83%";"+4.74%";"+2.76%";"24 Mar";"16 Apr";"23";"+27.78%";"-5.57%";"8";"10";"80%";"8.57%";"3.36";
"183";"LH";"Laboratory Corporation of America Holdin";"+94.22%";"+5.57%";"+3.55%";"24 Mar";"23 Apr";"30";"+35.58%";"-2.70%";"7";"10";"70%";"10.06%";"2.86";
"184";"ED";"Consolidated Edison, Inc";"+114.27%";"+4.87%";"+2.37%";"24 Mar";"16 Apr";"23";"+25.39%";"-1.74%";"9";"10";"90%";"7.37%";"5.18";
"185";"PSX";"Phillips 66";"+93.19%";"+5.33%";"+3.66%";"24 Mar";"22 Apr";"29";"+27.64%";"-8.63%";"8";"10";"80%";"9.51%";"2.42";
"186";"EIX";"Edison International";"+115.25%";"+3.81%";"+1.86%";"24 Mar";"11 Apr";"18";"+19.26%";"-1.68%";"7";"10";"70%";"5.92%";"3.91";
"187";"NSC";"Norfolk Southern Corporation";"+64.63%";"+4.15%";"+5.80%";"24 Mar";"23 Apr";"30";"+12.16%";"-7.09%";"8";"10";"80%";"6.09%";"2.19";
"188";"SYY";"Sysco Corporation";"+103.05%";"+5.95%";"+2.67%";"24 Mar";"23 Apr";"30";"+29.02%";"+0.03%";"10";"10";"100%";"7.96%";"2.60";
"189";"TSN";"Tyson Foods, Inc";"+72.67%";"+3.78%";"+5.36%";"24 Mar";"18 Apr";"25";"+10.14%";"-3.84%";"7";"10";"70%";"4.71%";"2.96";
"190";"PKG";"Packaging Corporation of America";"+72.55%";"+3.93%";"+5.23%";"24 Mar";"19 Apr";"26";"+8.65%";"-3.81%";"8";"10";"80%";"4.42%";"2.47";
"191";"ALGN";"Align Technology, Inc";"+105.19%";"+4.80%";"+2.74%";"24 Mar";"17 Apr";"24";"+19.27%";"-6.96%";"8";"10";"80%";"8.50%";"2.41";
"192";"ATO";"Atmos Energy Corporation";"+94.93%";"+4.25%";"+3.53%";"24 Mar";"16 Apr";"23";"+18.63%";"-2.68%";"8";"10";"80%";"5.85%";"3.65";
"193";"MOH";"Molina Healthcare, Inc";"+75.72%";"+4.71%";"+4.67%";"24 Mar";"23 Apr";"30";"+41.82%";"-14.06%";"6";"10";"60%";"14.12%";"1.83";
"194";"ENPH";"Enphase Energy, Inc";"+60.09%";"+3.78%";"+5.97%";"24 Mar";"22 Apr";"29";"+16.29%";"-22.35%";"8";"10";"80%";"12.23%";"0.89";
"195";"LIN";"Linde plc";"+80.49%";"+4.26%";"+4.48%";"24 Mar";"19 Apr";"26";"+12.25%";"+0.03%";"10";"10";"100%";"3.69%";"3.25";
"196";"SBAC";"SBA Communications Corporation";"+94.30%";"+5.38%";"+3.15%";"24 Mar";"22 Apr";"29";"+26.55%";"-4.39%";"8";"10";"80%";"8.20%";"3.19";
"197";"SPGI";"S&P Global Inc";"+94.97%";"+4.83%";"+3.31%";"24 Mar";"19 Apr";"26";"+27.67%";"-3.02%";"8";"10";"80%";"8.06%";"3.60";
"198";"RMD";"ResMed Inc";"+93.20%";"+4.76%";"+3.41%";"24 Mar";"19 Apr";"26";"+21.63%";"-3.45%";"7";"10";"70%";"6.95%";"3.41";
"199";"ZBH";"Zimmer Biomet Holdings, Inc";"+98.27%";"+5.74%";"+2.76%";"24 Mar";"23 Apr";"30";"+21.27%";"-2.84%";"8";"10";"80%";"7.15%";"3.09";
"200";"AON";"Aon plc";"+85.20%";"+3.92%";"+4.08%";"24 Mar";"16 Apr";"23";"+12.17%";"-2.23%";"8";"10";"80%";"4.04%";"3.11";
"201";"K";"Kellogg Company";"+96.82%";"+4.51%";"+3.12%";"24 Mar";"17 Apr";"24";"+15.55%";"-0.95%";"8";"10";"80%";"4.82%";"5.10";
"202";"ETR";"Entergy Corporation";"+92.12%";"+4.16%";"+3.48%";"24 Mar";"16 Apr";"23";"+12.54%";"-3.29%";"8";"10";"80%";"5.66%";"2.96";
"203";"ECL";"Ecolab Inc";"+79.13%";"+4.87%";"+4.14%";"24 Mar";"23 Apr";"30";"+14.43%";"-2.69%";"8";"10";"80%";"5.01%";"3.13";
"204";"WMT";"Walmart Inc";"+68.11%";"+4.33%";"+5.05%";"24 Mar";"23 Apr";"30";"+11.74%";"-4.66%";"8";"10";"80%";"5.07%";"3.51";
"205";"PCAR";"PACCAR Inc";"+65.39%";"+4.05%";"+5.34%";"24 Mar";"22 Apr";"29";"+16.04%";"-3.66%";"8";"10";"80%";"5.28%";"2.70";
"206";"MDLZ";"Mondelez International, Inc";"+98.65%";"+4.97%";"+2.84%";"24 Mar";"19 Apr";"26";"+15.32%";"-0.24%";"9";"10";"90%";"4.54%";"4.93";
"207";"GD";"General Dynamics Corporation";"+92.91%";"+4.56%";"+3.32%";"24 Mar";"18 Apr";"25";"+19.40%";"-0.91%";"9";"10";"90%";"5.41%";"3.76";
"208";"LNT";"Alliant Energy Corporation";"+84.01%";"+3.88%";"+3.97%";"24 Mar";"16 Apr";"23";"+17.67%";"-3.13%";"7";"10";"70%";"5.57%";"3.09";
"209";"JNJ";"Johnson & Johnson";"+84.46%";"+5.12%";"+3.60%";"24 Mar";"23 Apr";"30";"+30.48%";"-2.06%";"7";"10";"70%";"8.57%";"3.91";
"210";"TGT";"Target Corporation";"+87.70%";"+4.37%";"+3.58%";"24 Mar";"18 Apr";"25";"+10.82%";"-1.30%";"9";"10";"90%";"4.14%";"3.09";
"211";"WRB";"W. R. Berkley Corporation";"+81.04%";"+4.28%";"+4.03%";"24 Mar";"19 Apr";"26";"+14.86%";"-2.85%";"8";"10";"80%";"4.74%";"3.34";
"212";"LEN";"Lennar Corporation";"+96.16%";"+2.77%";"+2.14%";"24 Mar";"08 Apr";"15";"+21.80%";"-10.68%";"8";"10";"80%";"8.00%";"1.81";
"213";"TSCO";"Tractor Supply Company";"+57.17%";"+3.76%";"+5.73%";"24 Mar";"23 Apr";"30";"+18.82%";"-10.02%";"7";"10";"70%";"9.53%";"1.72";
"214";"FAST";"Fastenal Company";"+76.41%";"+1.53%";"+2.02%";"24 Mar";"03 Apr";"10";"+6.66%";"-3.13%";"6";"10";"60%";"3.94%";"2.80";
"215";"STT";"State Street Corporation";"+104.21%";"+3.74%";"+2.06%";"24 Mar";"12 Apr";"19";"+23.62%";"-7.87%";"7";"10";"70%";"9.34%";"3.60";
"216";"ZTS";"Zoetis Inc";"+85.12%";"+5.15%";"+3.31%";"24 Mar";"23 Apr";"30";"+19.35%";"-4.72%";"9";"10";"90%";"6.67%";"3.10";
"217";"ROST";"Ross Stores, Inc";"+110.49%";"+4.76%";"+1.72%";"24 Mar";"16 Apr";"23";"+21.81%";"-5.32%";"7";"10";"70%";"9.08%";"2.88";
"218";"TER";"Teradyne, Inc";"+88.47%";"+1.72%";"+0.56%";"24 Mar";"03 Apr";"10";"+18.46%";"-7.15%";"7";"10";"70%";"7.41%";"2.19";
"219";"APD";"Air Products and Chemicals, Inc";"+67.84%";"+4.32%";"+4.64%";"24 Mar";"23 Apr";"30";"+10.27%";"-0.79%";"8";"10";"80%";"3.68%";"2.71";
"220";"VFC";"V.F. Corporation";"+84.75%";"+4.43%";"+3.46%";"24 Mar";"19 Apr";"26";"+12.77%";"-2.96%";"8";"10";"80%";"5.45%";"2.26";
"221";"GL";"Globe Life Inc";"+84.56%";"+4.42%";"+3.47%";"24 Mar";"19 Apr";"26";"+15.96%";"-2.20%";"8";"10";"80%";"4.95%";"2.78";
"222";"VMC";"Vulcan Materials Company";"+85.95%";"+4.48%";"+3.36%";"24 Mar";"19 Apr";"26";"+26.40%";"-3.96%";"7";"10";"70%";"8.22%";"2.71";
"223";"AFL";"Aflac Incorporated";"+97.55%";"+4.93%";"+2.39%";"24 Mar";"19 Apr";"26";"+24.18%";"-1.94%";"8";"10";"80%";"6.91%";"2.70";
"224";"BR";"Broadridge Financial Solutions, Inc";"+89.98%";"+5.38%";"+2.69%";"24 Mar";"23 Apr";"30";"+16.26%";"-0.58%";"9";"10";"90%";"5.60%";"3.76";
"225";"CMG";"Chipotle Mexican Grill, Inc";"+84.28%";"+4.24%";"+3.47%";"24 Mar";"18 Apr";"25";"+21.79%";"-13.93%";"8";"10";"80%";"9.77%";"2.53";
"226";"PEP";"PepsiCo, Inc";"+90.00%";"+4.09%";"+3.01%";"24 Mar";"16 Apr";"23";"+19.15%";"+0.62%";"10";"10";"100%";"5.00%";"4.48";
"227";"ALB";"Albemarle Corporation";"+69.41%";"+3.64%";"+4.51%";"24 Mar";"18 Apr";"25";"+13.83%";"-5.75%";"8";"10";"80%";"5.42%";"1.78";
"228";"EVRG";"Evergy, Inc";"+84.11%";"+4.23%";"+3.29%";"24 Mar";"18 Apr";"25";"+16.58%";"-2.13%";"8";"10";"80%";"5.17%";"2.72";
"229";"J";"Jacobs Engineering Group Inc";"+80.29%";"+4.76%";"+3.33%";"24 Mar";"22 Apr";"29";"+14.42%";"+0.98%";"10";"10";"100%";"4.22%";"2.95";
"230";"WEC";"WEC Energy Group, Inc";"+90.68%";"+4.11%";"+2.79%";"24 Mar";"16 Apr";"23";"+23.38%";"-3.87%";"7";"10";"70%";"7.06%";"3.43";
"231";"GS";"The Goldman Sachs Group, Inc";"+74.91%";"+3.55%";"+4.05%";"24 Mar";"16 Apr";"23";"+15.26%";"-5.13%";"7";"10";"70%";"5.75%";"2.56";
"232";"ORCL";"Oracle Corporation";"+95.40%";"+4.46%";"+2.40%";"24 Mar";"17 Apr";"24";"+18.35%";"-4.52%";"7";"10";"70%";"7.09%";"3.98";
"233";"IVZ";"Invesco Ltd";"+88.60%";"+4.40%";"+2.88%";"24 Mar";"18 Apr";"25";"+15.68%";"-3.17%";"6";"10";"60%";"7.50%";"2.20";
"234";"DLTR";"Dollar Tree, Inc";"+69.03%";"+3.48%";"+4.49%";"24 Mar";"17 Apr";"24";"+9.68%";"-4.45%";"8";"10";"80%";"4.24%";"2.45";
"235";"MCD";"McDonald's Corporation";"+68.23%";"+4.34%";"+4.24%";"24 Mar";"23 Apr";"30";"+12.41%";"-2.38%";"9";"10";"90%";"3.86%";"3.30";
"236";"SRE";"Sempra Energy";"+98.54%";"+4.57%";"+2.13%";"24 Mar";"17 Apr";"24";"+19.62%";"-3.27%";"8";"10";"80%";"6.13%";"3.20";
"237";"MAS";"Masco Corporation";"+80.96%";"+4.79%";"+3.20%";"24 Mar";"22 Apr";"29";"+24.13%";"-3.76%";"8";"10";"80%";"7.66%";"2.80";
"238";"GPC";"Genuine Parts Company";"+85.57%";"+3.93%";"+3.10%";"24 Mar";"16 Apr";"23";"+20.84%";"-2.95%";"8";"10";"80%";"6.23%";"2.59";
"239";"HPQ";"HP Inc";"+86.91%";"+4.16%";"+2.96%";"24 Mar";"17 Apr";"24";"+14.74%";"-2.34%";"7";"10";"70%";"5.56%";"1.93";
"240";"CDNS";"Cadence Design Systems, Inc";"+69.42%";"+4.40%";"+4.05%";"24 Mar";"23 Apr";"30";"+26.03%";"-6.80%";"7";"10";"70%";"9.23%";"2.15";
"241";"DOV";"Dover Corporation";"+67.94%";"+3.73%";"+4.40%";"24 Mar";"19 Apr";"26";"+15.03%";"-3.82%";"8";"10";"80%";"5.22%";"2.26";
"242";"IPG";"The Interpublic Group of Companies, Inc";"+68.42%";"+3.31%";"+4.43%";"24 Mar";"16 Apr";"23";"+10.64%";"-4.40%";"7";"10";"70%";"5.66%";"1.88";
"243";"VLO";"Valero Energy Corporation";"+97.05%";"+4.32%";"+2.16%";"24 Mar";"16 Apr";"23";"+29.87%";"-7.79%";"6";"10";"60%";"10.77%";"1.95";
"244";"BKNG";"Booking Holdings Inc";"+88.94%";"+4.23%";"+2.77%";"24 Mar";"17 Apr";"24";"+16.78%";"-2.77%";"8";"10";"80%";"5.83%";"2.57";
"245";"MCK";"McKesson Corporation";"+73.68%";"+3.51%";"+3.84%";"24 Mar";"16 Apr";"23";"+10.62%";"-4.25%";"7";"10";"70%";"4.85%";"2.46";
"246";"WDC";"Western Digital Corporation";"+71.80%";"+2.52%";"+3.79%";"24 Mar";"10 Apr";"17";"+12.21%";"-7.12%";"6";"10";"60%";"7.35%";"1.60";
"247";"HOLX";"Hologic, Inc";"+89.01%";"+5.33%";"+2.28%";"24 Mar";"23 Apr";"30";"+44.34%";"-5.45%";"7";"10";"70%";"12.88%";"3.05";
"248";"EL";"The Est√©e Lauder Companies Inc";"+63.84%";"+3.41%";"+4.60%";"24 Mar";"18 Apr";"25";"+8.49%";"-4.54%";"8";"10";"80%";"4.17%";"2.41";
"249";"ESS";"Essex Property Trust, Inc";"+95.90%";"+4.29%";"+2.06%";"24 Mar";"16 Apr";"23";"+32.06%";"-5.49%";"8";"10";"80%";"9.57%";"2.76";
"250";"DHI";"D.R. Horton, Inc";"+77.91%";"+4.81%";"+3.14%";"24 Mar";"23 Apr";"30";"+19.12%";"-5.89%";"6";"10";"60%";"9.04%";"1.89";
"251";"DFS";"Discover Financial Services";"+84.03%";"+5.10%";"+2.60%";"24 Mar";"23 Apr";"30";"+14.49%";"-2.70%";"8";"10";"80%";"5.99%";"1.89";
"252";"FRT";"Federal Realty Investment Trust";"+84.65%";"+2.52%";"+2.30%";"24 Mar";"08 Apr";"15";"+5.67%";"-1.41%";"8";"10";"80%";"2.34%";"2.75";
"253";"NTRS";"Northern Trust Corporation";"+54.30%";"+3.60%";"+5.10%";"24 Mar";"23 Apr";"30";"+10.25%";"-9.29%";"8";"10";"80%";"7.16%";"1.96";
"254";"JBHT";"J.B. Hunt Transport Services, Inc";"+54.08%";"+2.61%";"+5.42%";"24 Mar";"15 Apr";"22";"+17.26%";"-17.75%";"6";"10";"60%";"9.77%";"1.65";
"255";"BF-B";"Brown-Forman Corporation";"+92.56%";"+4.74%";"+2.16%";"24 Mar";"19 Apr";"26";"+25.51%";"-1.83%";"9";"10";"90%";"7.23%";"3.92";
"256";"SO";"The Southern Company";"+66.59%";"+4.25%";"+3.98%";"24 Mar";"23 Apr";"30";"+15.82%";"-3.20%";"7";"10";"70%";"5.53%";"2.35";
"257";"CMI";"Cummins Inc";"+66.79%";"+3.53%";"+4.17%";"24 Mar";"18 Apr";"25";"+17.36%";"-5.99%";"7";"10";"70%";"6.81%";"2.59";
"258";"MDT";"Medtronic plc";"+83.44%";"+5.07%";"+2.47%";"24 Mar";"23 Apr";"30";"+20.01%";"-6.09%";"8";"10";"80%";"7.78%";"2.94";
"259";"FITB";"Fifth Third Bancorp";"+54.37%";"+3.61%";"+4.93%";"24 Mar";"23 Apr";"30";"+18.87%";"-14.82%";"7";"10";"70%";"10.86%";"1.19";
"260";"URI";"United Rentals, Inc";"+91.59%";"+4.33%";"+2.14%";"24 Mar";"17 Apr";"24";"+21.29%";"-5.41%";"7";"10";"70%";"7.71%";"2.04";
"261";"KMB";"Kimberly-Clark Corporation";"+62.48%";"+3.76%";"+4.28%";"24 Mar";"21 Apr";"28";"+18.82%";"-6.67%";"7";"10";"70%";"6.90%";"2.93";
"262";"TTWO";"Take-Two Interactive Software, Inc";"+63.97%";"+1.06%";"+0.99%";"24 Mar";"01 Apr";"8";"+7.96%";"-6.96%";"7";"10";"70%";"4.29%";"1.88";
"263";"APTV";"Aptiv PLC";"+67.45%";"+4.30%";"+3.69%";"24 Mar";"23 Apr";"30";"+22.64%";"-9.39%";"8";"10";"80%";"8.54%";"1.61";
"264";"HSY";"The Hershey Company";"+77.57%";"+3.65%";"+3.15%";"24 Mar";"16 Apr";"23";"+19.30%";"-2.94%";"8";"10";"80%";"5.83%";"4.06";
"265";"PG";"The Procter & Gamble Company";"+79.75%";"+3.73%";"+2.96%";"24 Mar";"16 Apr";"23";"+17.65%";"-0.50%";"8";"10";"80%";"4.85%";"4.14";
"266";"IEX";"IDEX Corporation";"+89.70%";"+5.18%";"+1.89%";"24 Mar";"22 Apr";"29";"+26.39%";"-1.79%";"7";"10";"70%";"8.25%";"3.79";
"267";"ARE";"Alexandria Real Estate Equities, Inc";"+69.31%";"+3.64%";"+3.69%";"24 Mar";"18 Apr";"25";"+17.43%";"-7.29%";"8";"10";"80%";"6.24%";"2.48";
"268";"DPZ";"Domino's Pizza, Inc";"+57.36%";"+3.77%";"+4.38%";"24 Mar";"23 Apr";"30";"+11.40%";"-3.83%";"7";"10";"70%";"4.90%";"1.91";
"269";"ABBV";"AbbVie Inc";"+79.12%";"+4.87%";"+2.52%";"24 Mar";"23 Apr";"30";"+23.37%";"-1.65%";"6";"10";"60%";"7.56%";"2.98";
"270";"CNC";"Centene Corporation";"+75.73%";"+4.71%";"+2.81%";"24 Mar";"23 Apr";"30";"+42.09%";"-11.81%";"8";"10";"80%";"12.88%";"1.87";
"271";"AIG";"American International Group, Inc";"+68.08%";"+3.59%";"+3.72%";"24 Mar";"18 Apr";"25";"+10.82%";"-2.27%";"9";"10";"90%";"3.68%";"1.80";
"272";"ORLY";"O'Reilly Automotive, Inc";"+82.49%";"+5.03%";"+2.21%";"24 Mar";"23 Apr";"30";"+35.15%";"-9.30%";"7";"10";"70%";"11.20%";"2.65";
"273";"MMC";"Marsh & McLennan Companies, Inc";"+68.65%";"+3.76%";"+3.57%";"24 Mar";"19 Apr";"26";"+10.73%";"-2.12%";"7";"10";"70%";"4.49%";"2.95";
"274";"NWL";"Newell Brands Inc";"+88.50%";"+2.78%";"+1.52%";"24 Mar";"09 Apr";"16";"+13.56%";"-2.07%";"7";"10";"70%";"4.76%";"2.61";
"275";"AEP";"American Electric Power Company, Inc";"+74.47%";"+3.54%";"+3.00%";"24 Mar";"16 Apr";"23";"+16.66%";"-2.66%";"7";"10";"70%";"5.47%";"2.59";
"276";"MA";"Mastercard Incorporated";"+51.28%";"+3.43%";"+4.63%";"24 Mar";"23 Apr";"30";"+8.09%";"-5.06%";"8";"10";"80%";"4.21%";"1.58";
"277";"UHS";"Universal Health Services, Inc";"+82.67%";"+5.04%";"+1.97%";"24 Mar";"23 Apr";"30";"+29.48%";"-5.19%";"6";"10";"60%";"9.98%";"1.91";
"278";"NI";"NiSource Inc";"+74.24%";"+3.84%";"+2.91%";"24 Mar";"18 Apr";"25";"+16.13%";"-3.77%";"9";"10";"90%";"5.05%";"2.65";
"279";"BIO";"Bio-Rad Laboratories, Inc";"+70.32%";"+3.68%";"+3.19%";"24 Mar";"18 Apr";"25";"+23.84%";"-4.47%";"7";"10";"70%";"8.42%";"2.34";
"280";"WRK";"WestRock Company";"+89.26%";"+3.34%";"+1.60%";"24 Mar";"12 Apr";"19";"+23.63%";"-4.90%";"6";"10";"60%";"8.35%";"2.50";
"281";"DRI";"Darden Restaurants, Inc";"+71.15%";"+4.48%";"+2.79%";"24 Mar";"23 Apr";"30";"+24.09%";"-4.83%";"6";"10";"60%";"8.37%";"1.60";
"282";"PH";"Parker-Hannifin Corporation";"+78.45%";"+4.01%";"+2.48%";"24 Mar";"18 Apr";"25";"+16.31%";"-6.16%";"8";"10";"80%";"6.79%";"1.97";
"283";"COF";"Capital One Financial Corporation";"+68.96%";"+4.37%";"+2.95%";"24 Mar";"23 Apr";"30";"+11.13%";"-0.37%";"9";"10";"90%";"3.82%";"1.69";
"284";"DVA";"DaVita Inc";"+72.58%";"+3.31%";"+2.99%";"24 Mar";"15 Apr";"22";"+11.09%";"-3.76%";"7";"10";"70%";"4.71%";"2.57";
"285";"KIM";"Kimco Realty Corporation";"+71.06%";"+2.35%";"+2.75%";"24 Mar";"09 Apr";"16";"+6.55%";"-4.97%";"8";"10";"80%";"3.67%";"1.58";
"286";"RL";"Ralph Lauren Corporation";"+63.78%";"+2.02%";"+3.24%";"24 Mar";"08 Apr";"15";"+10.71%";"-9.66%";"7";"10";"70%";"6.28%";"1.37";
"287";"ITW";"Illinois Tool Works Inc";"+62.69%";"+3.91%";"+3.49%";"24 Mar";"22 Apr";"29";"+13.81%";"-2.94%";"7";"10";"70%";"5.57%";"2.48";
"288";"TMO";"Thermo Fisher Scientific Inc";"+70.06%";"+3.07%";"+3.12%";"24 Mar";"14 Apr";"21";"+15.72%";"-3.52%";"6";"10";"60%";"5.45%";"2.59";
"289";"FE";"FirstEnergy Corp";"+83.13%";"+3.85%";"+2.03%";"24 Mar";"16 Apr";"23";"+26.44%";"-3.34%";"7";"10";"70%";"7.88%";"2.95";
"290";"KLAC";"KLA-Tencor Corporation";"+66.74%";"+1.38%";"+1.34%";"24 Mar";"03 Apr";"10";"+19.20%";"-7.67%";"7";"10";"70%";"7.64%";"1.50";
"291";"WM";"Waste Management, Inc";"+74.09%";"+2.27%";"+2.23%";"24 Mar";"08 Apr";"15";"+6.52%";"-2.44%";"6";"10";"60%";"3.16%";"3.28";
"292";"RSG";"Republic Services, Inc";"+77.32%";"+2.35%";"+1.92%";"24 Mar";"08 Apr";"15";"+10.02%";"-3.00%";"8";"10";"80%";"3.59%";"3.39";
"293";"VRSN";"VeriSign, Inc";"+76.10%";"+4.08%";"+2.47%";"24 Mar";"19 Apr";"26";"+23.67%";"-3.14%";"8";"10";"80%";"6.96%";"3.12";
"294";"ANSS";"ANSYS, Inc";"+66.56%";"+4.25%";"+3.00%";"24 Mar";"23 Apr";"30";"+19.10%";"-9.26%";"9";"10";"90%";"7.54%";"2.09";
"295";"UNH";"UnitedHealth Group Incorporated";"+61.90%";"+4.01%";"+3.38%";"24 Mar";"23 Apr";"30";"+29.81%";"-7.32%";"8";"10";"80%";"9.77%";"1.89";
"296";"NDAQ";"Nasdaq, Inc";"+77.05%";"+3.96%";"+2.35%";"24 Mar";"18 Apr";"25";"+32.28%";"-6.85%";"7";"10";"70%";"10.01%";"2.87";
"297";"AMP";"Ameriprise Financial, Inc";"+65.16%";"+3.61%";"+3.30%";"24 Mar";"19 Apr";"26";"+15.60%";"-4.52%";"6";"10";"60%";"7.13%";"1.65";
"298";"JKHY";"Jack Henry & Associates, Inc";"+67.86%";"+3.73%";"+3.07%";"24 Mar";"19 Apr";"26";"+17.18%";"-3.29%";"8";"10";"80%";"5.56%";"2.84";
"299";"NFLX";"Netflix, Inc";"+75.43%";"+3.57%";"+2.50%";"24 Mar";"16 Apr";"23";"+28.24%";"-12.53%";"6";"10";"60%";"13.11%";"1.74";
"300";"PFG";"Principal Financial Group, Inc";"+69.78%";"+3.66%";"+2.84%";"24 Mar";"18 Apr";"25";"+12.67%";"-4.11%";"8";"10";"80%";"5.16%";"1.92";
"301";"POOL";"Pool Corporation";"+71.43%";"+4.50%";"+2.36%";"24 Mar";"23 Apr";"30";"+23.35%";"-5.25%";"7";"10";"70%";"9.04%";"2.11";
"302";"AEE";"Ameren Corporation";"+69.66%";"+3.21%";"+2.86%";"24 Mar";"15 Apr";"22";"+15.64%";"-3.06%";"7";"10";"70%";"5.33%";"2.32";
"303";"UNP";"Union Pacific Corporation";"+55.88%";"+3.56%";"+3.78%";"24 Mar";"22 Apr";"29";"+14.15%";"-13.29%";"8";"10";"80%";"7.99%";"2.12";
"304";"ROL";"Rollins, Inc";"+64.27%";"+3.99%";"+3.04%";"24 Mar";"22 Apr";"29";"+11.51%";"+0.07%";"10";"10";"100%";"4.05%";"3.04";
"305";"TROW";"T. Rowe Price Group, Inc";"+59.07%";"+3.20%";"+3.69%";"24 Mar";"18 Apr";"25";"+13.02%";"-6.36%";"8";"10";"80%";"5.31%";"2.10";
"306";"EFX";"Equifax Inc";"+73.02%";"+4.42%";"+2.30%";"24 Mar";"22 Apr";"29";"+26.95%";"-13.92%";"8";"10";"80%";"11.07%";"2.25";
"307";"FIS";"Fidelity National Information Services, ";"+67.13%";"+3.26%";"+3.06%";"24 Mar";"16 Apr";"23";"+16.78%";"-5.96%";"8";"10";"80%";"5.81%";"2.69";
"308";"FFIV";"F5 Networks, Inc";"+51.32%";"+3.44%";"+4.07%";"24 Mar";"23 Apr";"30";"+20.75%";"-5.89%";"7";"10";"70%";"7.76%";"1.70";
"309";"HON";"Honeywell International Inc";"+70.58%";"+3.69%";"+2.69%";"24 Mar";"18 Apr";"25";"+13.55%";"-1.42%";"7";"10";"70%";"4.96%";"2.83";
"310";"ILMN";"Illumina, Inc";"+74.05%";"+3.68%";"+2.41%";"24 Mar";"17 Apr";"24";"+24.46%";"-10.26%";"7";"10";"70%";"9.30%";"1.81";
"311";"EMR";"Emerson Electric Co";"+65.86%";"+4.07%";"+2.81%";"24 Mar";"22 Apr";"29";"+17.63%";"-4.27%";"9";"10";"90%";"5.61%";"2.46";
"312";"ELV";"Elevance Health Inc";"+76.24%";"+2.16%";"+1.48%";"24 Mar";"07 Apr";"14";"+13.82%";"-4.32%";"6";"10";"60%";"5.67%";"1.95";
"313";"HUM";"Humana Inc";"+85.57%";"+5.17%";"+1.06%";"24 Mar";"23 Apr";"30";"+56.73%";"-7.84%";"7";"10";"70%";"16.27%";"2.29";
"314";"HST";"Host Hotels & Resorts, Inc";"+63.83%";"+3.41%";"+3.11%";"24 Mar";"18 Apr";"25";"+11.26%";"-1.67%";"7";"10";"70%";"4.20%";"1.63";
"315";"MTCH";"Match Group, Inc";"+51.69%";"+2.87%";"+4.11%";"24 Mar";"18 Apr";"25";"+38.32%";"-15.50%";"7";"10";"70%";"14.40%";"1.21";
"316";"TFX";"Teleflex Incorporated";"+81.35%";"+4.29%";"+1.60%";"24 Mar";"19 Apr";"26";"+34.77%";"-8.36%";"8";"10";"80%";"10.64%";"2.97";
"317";"RJF";"Raymond James Financial, Inc";"+62.31%";"+3.89%";"+3.01%";"24 Mar";"22 Apr";"29";"+15.50%";"-5.08%";"6";"10";"60%";"7.21%";"1.77";
"318";"OMC";"Omnicom Group Inc";"+64.03%";"+3.14%";"+3.08%";"24 Mar";"16 Apr";"23";"+12.47%";"-6.42%";"7";"10";"70%";"5.41%";"2.14";
"320";"AJG";"Arthur J. Gallagher & Co";"+64.38%";"+3.57%";"+2.91%";"24 Mar";"19 Apr";"26";"+9.96%";"-4.06%";"8";"10";"80%";"4.48%";"2.69";
"321";"ICE";"Intercontinental Exchange, Inc";"+65.60%";"+3.63%";"+2.76%";"24 Mar";"19 Apr";"26";"+21.37%";"-9.00%";"7";"10";"70%";"8.46%";"2.93";
"322";"VRSK";"Verisk Analytics, Inc";"+50.81%";"+3.41%";"+3.81%";"24 Mar";"23 Apr";"30";"+7.59%";"-5.87%";"9";"10";"90%";"3.99%";"2.26";
"323";"C";"Citigroup Inc";"+69.36%";"+3.34%";"+2.48%";"24 Mar";"16 Apr";"23";"+15.26%";"-7.28%";"7";"10";"70%";"7.24%";"1.84";
"324";"WYNN";"Wynn Resorts, Limited";"+58.07%";"+3.16%";"+3.38%";"24 Mar";"18 Apr";"25";"+22.32%";"-9.72%";"7";"10";"70%";"9.33%";"1.07";
"325";"ACN";"Accenture plc";"+65.40%";"+3.62%";"+2.67%";"24 Mar";"19 Apr";"26";"+11.91%";"-1.62%";"7";"10";"70%";"4.47%";"2.01";
"326";"V";"Visa Inc";"+48.03%";"+3.14%";"+3.99%";"24 Mar";"22 Apr";"29";"+9.37%";"-4.88%";"8";"10";"80%";"4.77%";"1.66";
"327";"CMS";"CMS Energy Corporation";"+71.92%";"+3.44%";"+2.10%";"24 Mar";"16 Apr";"23";"+20.32%";"-3.19%";"7";"10";"70%";"6.23%";"2.77";
"328";"HD";"The Home Depot, Inc";"+52.51%";"+3.50%";"+3.40%";"24 Mar";"23 Apr";"30";"+10.64%";"-3.43%";"7";"10";"70%";"5.03%";"2.07";
"329";"EXPD";"Expeditors International of Washington, ";"+54.11%";"+3.59%";"+3.26%";"24 Mar";"23 Apr";"30";"+11.30%";"-5.37%";"8";"10";"80%";"5.36%";"2.71";
"330";"VZ";"Verizon Communications Inc";"+68.89%";"+3.33%";"+2.32%";"24 Mar";"16 Apr";"23";"+16.58%";"-2.40%";"7";"10";"70%";"5.28%";"3.64";
"331";"KDP";"Keurig Dr Pepper Inc";"+74.76%";"+2.44%";"+1.50%";"24 Mar";"09 Apr";"16";"+13.15%";"+0.08%";"10";"10";"100%";"3.69%";"3.59";
"332";"CF";"CF Industries Holdings, Inc";"+57.77%";"+2.89%";"+3.18%";"24 Mar";"16 Apr";"23";"+12.57%";"-5.72%";"6";"10";"60%";"5.75%";"1.48";
"333";"MMM";"3M Company";"+51.02%";"+2.84%";"+3.62%";"24 Mar";"18 Apr";"25";"+8.25%";"-1.88%";"6";"10";"60%";"3.66%";"2.49";
"334";"GWW";"W.W. Grainger, Inc";"+79.64%";"+2.40%";"+0.71%";"24 Mar";"08 Apr";"15";"+13.28%";"-4.24%";"8";"10";"80%";"5.04%";"2.99";
"335";"CBOE";"Cboe Global Markets, Inc";"+64.58%";"+3.58%";"+2.33%";"24 Mar";"19 Apr";"26";"+31.75%";"-7.99%";"7";"10";"70%";"10.07%";"2.21";
"336";"MSCI";"MSCI Inc";"+76.28%";"+4.09%";"+1.33%";"24 Mar";"19 Apr";"26";"+17.80%";"-5.46%";"7";"10";"70%";"8.06%";"2.26";
"337";"RE";"Everest Re Group, Ltd";"+54.75%";"+3.13%";"+3.10%";"24 Mar";"19 Apr";"26";"+8.66%";"-4.00%";"7";"10";"70%";"4.13%";"1.74";
"338";"CPB";"Campbell Soup Company";"+71.63%";"+3.28%";"+1.77%";"24 Mar";"15 Apr";"22";"+16.97%";"-1.34%";"8";"10";"80%";"5.05%";"3.21";
"339";"AOS";"A. O. Smith Corporation";"+53.45%";"+3.43%";"+2.95%";"24 Mar";"22 Apr";"29";"+8.53%";"-2.25%";"9";"10";"90%";"3.16%";"2.07";
"340";"FICO";"Fair Isaac Corporation";"+50.98%";"+2.61%";"+3.35%";"24 Mar";"16 Apr";"23";"+12.11%";"-12.99%";"8";"10";"80%";"8.03%";"1.31";
"341";"TECH";"Bio-Techne Corporation";"+74.27%";"+4.48%";"+1.13%";"24 Mar";"22 Apr";"29";"+22.35%";"-7.37%";"6";"10";"60%";"9.19%";"2.56";
"342";"ADP";"Automatic Data Processing, Inc";"+56.69%";"+3.22%";"+2.74%";"24 Mar";"19 Apr";"26";"+15.59%";"-2.50%";"7";"10";"70%";"4.94%";"2.08";
"343";"MTD";"Mettler-Toledo International Inc";"+67.64%";"+3.57%";"+1.79%";"24 Mar";"18 Apr";"25";"+15.08%";"-5.43%";"6";"10";"60%";"6.10%";"2.34";
"344";"DXC";"DXC Technology Company";"+69.39%";"+3.34%";"+1.70%";"24 Mar";"16 Apr";"23";"+20.11%";"-9.47%";"7";"10";"70%";"8.81%";"1.49";
"345";"EA";"Electronic Arts Inc";"+50.75%";"+3.41%";"+2.97%";"24 Mar";"23 Apr";"30";"+21.38%";"-6.98%";"7";"10";"70%";"8.19%";"1.78";
"346";"HIG";"The Hartford Financial Services Group, I";"+75.56%";"+2.94%";"+1.04%";"24 Mar";"12 Apr";"19";"+18.19%";"-4.69%";"7";"10";"70%";"6.06%";"2.52";
"347";"BALL";"Ball Corporation";"+55.85%";"+3.18%";"+2.56%";"24 Mar";"19 Apr";"26";"+17.73%";"-5.72%";"7";"10";"70%";"6.25%";"2.14";
"348";"D";"Dominion Energy, Inc";"+69.96%";"+3.37%";"+1.50%";"24 Mar";"16 Apr";"23";"+18.88%";"-4.95%";"6";"10";"60%";"6.58%";"2.78";
"349";"COST";"Costco Wholesale Corporation";"+55.53%";"+3.17%";"+2.58%";"24 Mar";"19 Apr";"26";"+9.52%";"-4.46%";"9";"10";"90%";"4.27%";"2.59";
"350";"BBY";"Best Buy Co., Inc";"+55.14%";"+1.80%";"+2.37%";"24 Mar";"08 Apr";"15";"+8.87%";"-6.10%";"7";"10";"70%";"5.24%";"1.39";
"351";"L";"Loews Corporation";"+59.87%";"+2.97%";"+2.31%";"24 Mar";"16 Apr";"23";"+6.82%";"+0.77%";"10";"10";"100%";"2.10%";"2.11";
"352";"MSI";"Motorola Solutions, Inc";"+44.60%";"+2.54%";"+3.53%";"24 Mar";"18 Apr";"25";"+18.78%";"-7.66%";"6";"10";"60%";"7.26%";"1.38";
"353";"BRO";"Brown & Brown, Inc";"+54.73%";"+2.89%";"+2.65%";"24 Mar";"17 Apr";"24";"+8.04%";"-2.15%";"7";"10";"70%";"3.90%";"2.26";
"354";"MAR";"Marriott International, Inc";"+47.18%";"+3.20%";"+3.01%";"24 Mar";"23 Apr";"30";"+11.35%";"-2.42%";"7";"10";"70%";"4.64%";"1.14";
"355";"CB";"Chubb Limited";"+58.27%";"+3.04%";"+2.31%";"24 Mar";"17 Apr";"24";"+15.82%";"-1.39%";"8";"10";"80%";"4.74%";"2.16";
"356";"ABC";"AmerisourceBergen Corporation";"+41.21%";"+2.47%";"+3.72%";"24 Mar";"19 Apr";"26";"+12.24%";"-7.83%";"7";"10";"70%";"6.19%";"1.31";
"357";"TDG";"TransDigm Group Incorporated";"+50.39%";"+2.81%";"+2.93%";"24 Mar";"18 Apr";"25";"+12.58%";"-6.29%";"7";"10";"70%";"5.45%";"1.04";
"358";"SBUX";"Starbucks Corporation";"+46.17%";"+3.15%";"+3.03%";"24 Mar";"23 Apr";"30";"+15.83%";"-10.49%";"7";"10";"70%";"8.63%";"1.63";
"359";"TJX";"The TJX Companies, Inc";"+54.27%";"+3.11%";"+2.50%";"24 Mar";"19 Apr";"26";"+16.45%";"-5.86%";"7";"10";"70%";"6.29%";"1.65";
"360";"PPL";"PPL Corporation";"+54.26%";"+3.60%";"+2.29%";"24 Mar";"23 Apr";"30";"+18.60%";"-4.61%";"8";"10";"80%";"6.24%";"1.90";
"361";"DE";"Deere & Company";"+56.22%";"+3.08%";"+2.33%";"24 Mar";"18 Apr";"25";"+9.58%";"-1.94%";"8";"10";"80%";"3.92%";"1.88";
"362";"MS";"Morgan Stanley";"+66.21%";"+3.65%";"+1.43%";"24 Mar";"19 Apr";"26";"+15.47%";"-4.50%";"7";"10";"70%";"6.86%";"2.01";
"363";"AMGN";"Amgen Inc";"+46.44%";"+2.30%";"+3.20%";"24 Mar";"15 Apr";"22";"+9.62%";"-5.18%";"6";"10";"60%";"4.78%";"1.72";
"364";"PNW";"Pinnacle West Capital Corporation";"+56.46%";"+2.83%";"+2.32%";"24 Mar";"16 Apr";"23";"+11.22%";"-2.33%";"8";"10";"80%";"3.86%";"2.02";
"365";"GRMN";"Garmin Ltd";"+55.35%";"+3.16%";"+2.31%";"24 Mar";"19 Apr";"26";"+13.76%";"-3.10%";"7";"10";"70%";"5.97%";"2.20";
"366";"JPM";"JPMorgan Chase & Co";"+43.02%";"+2.46%";"+3.37%";"24 Mar";"18 Apr";"25";"+15.56%";"-9.32%";"6";"10";"60%";"8.31%";"1.19";
"367";"PKI";"PerkinElmer, Inc";"+52.24%";"+1.72%";"+2.32%";"24 Mar";"08 Apr";"15";"+5.48%";"-3.82%";"7";"10";"70%";"3.35%";"1.83";
"368";"LOW";"Lowe's Companies, Inc";"+48.59%";"+3.28%";"+2.54%";"24 Mar";"23 Apr";"30";"+23.48%";"-8.20%";"6";"10";"60%";"9.81%";"1.62";
"369";"EXPE";"Expedia Group, Inc";"+38.28%";"+2.68%";"+3.47%";"24 Mar";"23 Apr";"30";"+6.87%";"-4.23%";"8";"10";"80%";"3.50%";"0.92";
"370";"TMUS";"T-Mobile US, Inc";"+52.77%";"+3.28%";"+2.27%";"24 Mar";"21 Apr";"28";"+10.90%";"-6.79%";"9";"10";"90%";"5.08%";"2.12";
"371";"GILD";"Gilead Sciences, Inc";"+50.69%";"+3.29%";"+2.37%";"24 Mar";"22 Apr";"29";"+11.62%";"-3.01%";"7";"10";"70%";"5.14%";"1.65";
"372";"BRK-B";"Berkshire Hathaway Inc";"+45.59%";"+2.69%";"+2.96%";"24 Mar";"19 Apr";"26";"+8.27%";"-3.50%";"7";"10";"70%";"4.12%";"2.63";
"373";"IBM";"International Business Machines Corporat";"+54.65%";"+2.39%";"+2.13%";"24 Mar";"13 Apr";"20";"+14.86%";"-2.47%";"7";"10";"70%";"4.80%";"2.05";
"374";"NVR";"NVR, Inc";"+35.06%";"+2.06%";"+3.78%";"24 Mar";"18 Apr";"25";"+9.80%";"-8.84%";"6";"10";"60%";"7.01%";"0.90";
"375";"ATVI";"Activision Blizzard, Inc";"+45.11%";"+3.08%";"+2.64%";"24 Mar";"23 Apr";"30";"+21.83%";"-5.01%";"6";"10";"60%";"7.47%";"1.70";
"376";"SNPS";"Synopsys, Inc";"+43.96%";"+3.02%";"+2.65%";"24 Mar";"23 Apr";"30";"+26.00%";"-10.64%";"6";"10";"60%";"9.43%";"1.56";
"377";"CHRW";"C.H. Robinson Worldwide, Inc";"+48.83%";"+3.30%";"+2.20%";"24 Mar";"23 Apr";"30";"+13.32%";"-5.92%";"8";"10";"80%";"6.05%";"2.02";
"379";"NCLH";"Norwegian Cruise Line Holdings Ltd";"+45.60%";"+1.53%";"+2.48%";"24 Mar";"08 Apr";"15";"+20.98%";"-14.76%";"7";"10";"70%";"9.53%";"0.54";
"380";"HLT";"Hilton Worldwide Holdings Inc";"+42.75%";"+2.45%";"+2.92%";"24 Mar";"18 Apr";"25";"+11.52%";"-5.71%";"8";"10";"80%";"4.67%";"1.16";
"381";"PCG-PA";"Pacific Gas and Electric Company";"+47.83%";"+3.13%";"+2.25%";"24 Mar";"22 Apr";"29";"+12.99%";"-4.79%";"7";"10";"70%";"5.24%";"1.63";
"382";"ALLE";"Allegion plc";"+48.95%";"+3.19%";"+2.13%";"24 Mar";"22 Apr";"29";"+11.38%";"-4.62%";"7";"10";"70%";"4.87%";"1.57";
"383";"SJM";"The J. M. Smucker Company";"+55.92%";"+2.94%";"+1.70%";"24 Mar";"17 Apr";"24";"+14.99%";"-3.80%";"7";"10";"70%";"5.24%";"2.84";
"384";"CSCO";"Cisco Systems, Inc";"+53.80%";"+2.84%";"+1.88%";"24 Mar";"17 Apr";"24";"+11.10%";"-5.58%";"8";"10";"80%";"5.43%";"1.98";
"386";"ZION";"Zions Bancorporation";"+49.78%";"+2.78%";"+2.08%";"24 Mar";"18 Apr";"25";"+16.24%";"-7.14%";"6";"10";"60%";"6.67%";"1.39";
"388";"KEY";"KeyCorp";"+41.66%";"+2.49%";"+2.57%";"24 Mar";"19 Apr";"26";"+13.27%";"-9.19%";"6";"10";"60%";"7.22%";"0.94";
"389";"DIS";"Walt Disney";"+55.35%";"+2.79%";"+1.42%";"24 Mar";"16 Apr";"23";"+20.51%";"-8.05%";"7";"10";"70%";"7.10%";"1.87";
"390";"CI";"Cigna Corporation";"+46.30%";"+3.15%";"+1.92%";"24 Mar";"23 Apr";"30";"+25.19%";"-6.08%";"7";"10";"70%";"8.27%";"1.32";
"391";"FDX";"FedEx Corporation";"+42.82%";"+2.45%";"+2.46%";"24 Mar";"18 Apr";"25";"+15.16%";"-9.71%";"7";"10";"70%";"6.53%";"1.36";
"392";"IT";"Gartner, Inc";"+48.94%";"+3.30%";"+1.64%";"24 Mar";"23 Apr";"30";"+17.37%";"-5.09%";"7";"10";"70%";"6.72%";"1.49";
"393";"AIZ";"Assurant, Inc";"+45.80%";"+2.38%";"+2.17%";"24 Mar";"16 Apr";"23";"+7.39%";"-1.23%";"7";"10";"70%";"2.97%";"1.92";
"394";"BK";"The Bank of New York Mellon Corporation";"+50.94%";"+2.26%";"+1.73%";"24 Mar";"13 Apr";"20";"+16.13%";"-7.11%";"7";"10";"70%";"6.95%";"2.06";
"395";"ADBE";"Adobe Systems Incorporated";"+54.75%";"+3.01%";"+1.30%";"24 Mar";"18 Apr";"25";"+14.32%";"-2.03%";"7";"10";"70%";"5.36%";"1.75";
"396";"FDS";"FactSet Research Systems Inc";"+42.31%";"+2.92%";"+2.17%";"24 Mar";"23 Apr";"30";"+18.17%";"-8.67%";"7";"10";"70%";"8.75%";"1.46";
"397";"MNST";"Monster Beverage Corporation";"+42.57%";"+2.94%";"+2.14%";"24 Mar";"23 Apr";"30";"+11.23%";"-4.82%";"6";"10";"60%";"5.85%";"1.44";
"398";"CTAS";"Cintas Corporation";"+46.87%";"+3.19%";"+1.73%";"24 Mar";"23 Apr";"30";"+14.74%";"-2.21%";"7";"10";"70%";"5.05%";"1.55";
"400";"XRAY";"DENTSPLY SIRONA Inc";"+67.98%";"+3.44%";"+0.18%";"24 Mar";"17 Apr";"24";"+21.20%";"-2.61%";"6";"10";"60%";"7.21%";"2.35";
"401";"CMCSA";"Comcast Corporation";"+51.37%";"+2.85%";"+1.50%";"24 Mar";"18 Apr";"25";"+8.86%";"-2.74%";"7";"10";"70%";"3.99%";"1.87";
"402";"UPS";"United Parcel Service, Inc";"+34.57%";"+2.04%";"+2.96%";"24 Mar";"18 Apr";"25";"+11.35%";"-12.81%";"7";"10";"70%";"7.01%";"1.41";
"403";"MTB";"M&T Bank Corporation";"+36.30%";"+2.56%";"+2.61%";"24 Mar";"23 Apr";"30";"+9.04%";"-4.63%";"7";"10";"70%";"4.74%";"0.94";
"404";"DD";"E I Du Pont De Nemours And Company";"+39.80%";"+2.68%";"+2.29%";"24 Mar";"22 Apr";"29";"+22.83%";"-11.81%";"7";"10";"70%";"8.71%";"1.19";
"405";"MHK";"Mohawk Industries, Inc";"+47.42%";"+1.80%";"+1.64%";"24 Mar";"10 Apr";"17";"+10.09%";"-7.95%";"7";"10";"70%";"5.37%";"0.94";
"406";"MOS";"The Mosaic Company";"+57.57%";"+2.88%";"+0.82%";"24 Mar";"16 Apr";"23";"+13.97%";"-4.83%";"6";"10";"60%";"6.58%";"1.36";
"407";"BBWI";"Bath & Body Works Inc.";"+58.52%";"+1.88%";"+0.41%";"24 Mar";"08 Apr";"15";"+14.35%";"-7.33%";"7";"10";"70%";"7.21%";"1.05";
"409";"RF";"Regions Financial Corporation";"+38.30%";"+2.68%";"+2.18%";"24 Mar";"23 Apr";"30";"+15.38%";"-5.96%";"7";"10";"70%";"7.23%";"0.91";
"411";"CRM";"salesforce.com, inc";"+25.56%";"+1.56%";"+3.51%";"24 Mar";"18 Apr";"25";"+10.01%";"-12.60%";"6";"10";"60%";"6.71%";"0.72";
"412";"BMY";"Bristol-Myers Squibb Company";"+37.80%";"+2.38%";"+2.21%";"24 Mar";"20 Apr";"27";"+26.30%";"-18.77%";"6";"10";"60%";"12.12%";"1.64";
"413";"WAT";"Waters Corporation";"+34.37%";"+2.27%";"+2.42%";"24 Mar";"21 Apr";"28";"+11.96%";"-5.45%";"8";"10";"80%";"4.55%";"1.21";
"414";"AAPL";"Apple Inc";"+35.26%";"+2.49%";"+2.24%";"24 Mar";"23 Apr";"30";"+11.85%";"-6.43%";"6";"10";"60%";"6.55%";"1.33";
"415";"WTW";"Willis Towers Watson PLC";"+47.46%";"+2.78%";"+1.30%";"24 Mar";"19 Apr";"26";"+11.66%";"-0.86%";"8";"10";"80%";"3.84%";"1.69";
"417";"TT";"Trane Technologies plc";"+30.96%";"+2.15%";"+2.66%";"24 Mar";"22 Apr";"29";"+7.80%";"-3.77%";"6";"10";"60%";"4.69%";"0.97";
"418";"TRV";"The Travelers Companies, Inc";"+51.74%";"+2.05%";"+0.88%";"24 Mar";"11 Apr";"18";"+13.53%";"-1.25%";"7";"10";"70%";"4.26%";"2.11";
"419";"CTSH";"Cognizant Technology Solutions Corporati";"+53.20%";"+1.74%";"+0.39%";"24 Mar";"08 Apr";"15";"+10.73%";"-3.33%";"6";"10";"60%";"4.18%";"1.41";
"420";"INTU";"Intuit Inc";"+38.00%";"+2.21%";"+1.95%";"24 Mar";"18 Apr";"25";"+13.15%";"-5.86%";"7";"10";"70%";"5.15%";"1.20";
"421";"META";"Meta Platforms, Inc.";"+34.88%";"+2.05%";"+2.19%";"24 Mar";"18 Apr";"25";"+10.72%";"-4.46%";"6";"10";"60%";"5.46%";"1.00";
"422";"ALK";"Alaska Air Group, Inc";"+36.94%";"+2.51%";"+1.72%";"24 Mar";"22 Apr";"29";"+15.53%";"-4.77%";"6";"10";"60%";"7.69%";"0.86";
"424";"AKAM";"Akamai Technologies, Inc";"+38.86%";"+2.25%";"+1.46%";"24 Mar";"18 Apr";"25";"+18.07%";"-8.66%";"7";"10";"70%";"8.54%";"1.38";
"426";"CINF";"Cincinnati Financial Corporation";"+35.31%";"+1.91%";"+1.80%";"24 Mar";"16 Apr";"23";"+5.70%";"-0.87%";"8";"10";"80%";"1.87%";"1.28";
"428";"JCI";"Johnson Controls International plc";"+35.48%";"+2.42%";"+1.48%";"24 Mar";"22 Apr";"29";"+9.51%";"-4.04%";"7";"10";"70%";"4.68%";"1.19";
"429";"ADI";"Analog Devices, Inc";"+34.06%";"+1.93%";"+1.61%";"24 Mar";"17 Apr";"24";"+9.68%";"-6.43%";"7";"10";"70%";"5.08%";"1.01";
"430";"MSFT";"Microsoft Corporation";"+34.54%";"+2.45%";"+1.35%";"24 Mar";"23 Apr";"30";"+15.56%";"-7.69%";"7";"10";"70%";"6.91%";"1.16";
"431";"CSGP";"CoStar Group, Inc";"+15.70%";"+1.16%";"+3.16%";"24 Mar";"22 Apr";"29";"+13.52%";"-13.88%";"8";"10";"80%";"8.36%";"0.39";
"434";"NOW";"ServiceNow, Inc";"+24.32%";"+1.67%";"+2.26%";"24 Mar";"21 Apr";"28";"+20.39%";"-15.39%";"6";"10";"60%";"12.06%";"0.46";
"435";"AXP";"American Express";"+27.97%";"+1.76%";"+1.94%";"24 Mar";"19 Apr";"26";"+10.94%";"-4.77%";"6";"10";"60%";"5.31%";"0.73";
"438";"TEL";"TE Connectivity Ltd";"+33.46%";"+2.38%";"+1.18%";"24 Mar";"23 Apr";"30";"+12.53%";"-5.64%";"7";"10";"70%";"6.15%";"0.99";
"439";"ODFL";"Old Dominion Freight Line, Inc";"+33.05%";"+2.36%";"+1.20%";"24 Mar";"23 Apr";"30";"+12.78%";"-11.64%";"7";"10";"70%";"7.58%";"0.87";
"441";"FI";"Fiserv, Inc";"+33.89%";"+2.00%";"+1.12%";"24 Mar";"18 Apr";"25";"+12.22%";"-1.81%";"8";"10";"80%";"3.73%";"1.16";
"444";"TPR";"Tapestry, Inc";"+24.30%";"+1.49%";"+1.79%";"24 Mar";"18 Apr";"25";"+11.29%";"-9.93%";"8";"10";"80%";"5.46%";"0.48";
"446";"CHTR";"Charter Communications, Inc";"+32.39%";"+2.32%";"+0.71%";"24 Mar";"23 Apr";"30";"+19.01%";"-9.36%";"6";"10";"60%";"8.13%";"0.97";
"447";"ROP";"Roper Technologies, Inc";"+37.95%";"+2.30%";"+0.32%";"24 Mar";"19 Apr";"26";"+13.42%";"-1.97%";"6";"10";"60%";"4.61%";"1.71";
"448";"LDOS";"Leidos Holdings, Inc";"+31.34%";"+2.25%";"+0.76%";"24 Mar";"23 Apr";"30";"+26.00%";"-10.51%";"6";"10";"60%";"9.63%";"0.81";
"450";"LRCX";"Lam Research Corporation";"+17.61%";"+1.33%";"+2.08%";"24 Mar";"23 Apr";"30";"+14.45%";"-14.35%";"6";"10";"60%";"10.90%";"0.32";
"451";"LVS";"Las Vegas Sands Corp";"+22.34%";"+1.38%";"+1.71%";"24 Mar";"18 Apr";"25";"+15.08%";"-7.75%";"6";"10";"60%";"7.08%";"0.52";
"452";"APH";"Amphenol Corporation";"+34.70%";"+1.88%";"+0.49%";"24 Mar";"16 Apr";"23";"+9.98%";"-6.62%";"6";"10";"60%";"5.33%";"1.22";
"453";"GOOGL";"Alphabet Inc";"+17.09%";"+1.08%";"+2.14%";"24 Mar";"18 Apr";"25";"+12.66%";"-9.82%";"6";"10";"60%";"7.62%";"0.52";
"456";"CVS";"CVS Health Corporation";"+22.20%";"+1.65%";"+1.00%";"24 Mar";"23 Apr";"30";"+13.69%";"-5.32%";"6";"10";"60%";"5.60%";"0.83";
"458";"MU";"Micron Technology, Inc";"+9.60%";"+0.60%";"+2.15%";"24 Mar";"17 Apr";"24";"+6.52%";"-8.90%";"7";"10";"70%";"5.67%";"0.16";
"460";"NVDA";"NVIDIA Corporation";"+23.84%";"+1.40%";"+0.71%";"24 Mar";"17 Apr";"24";"+21.50%";"-22.62%";"6";"10";"60%";"13.54%";"0.52";
"461";"CMA";"Comerica Incorporated";"+15.46%";"+1.14%";"+1.12%";"24 Mar";"22 Apr";"29";"+13.51%";"-13.90%";"6";"10";"60%";"8.06%";"0.31";
"466";"SCHW";"The Charles Schwab Corporation";"+4.66%";"+0.31%";"+1.25%";"24 Mar";"18 Apr";"25";"+19.11%";"-17.58%";"6";"10";"60%";"10.02%";"0.06";
"468";"MCHP";"Microchip Technology Incorporated";"-0.13%";"-0.01%";"+1.34%";"24 Mar";"16 Apr";"23";"+16.64%";"-13.44%";"6";"10";"60%";"9.10%";"-0.07";
"471";"WBD";"Warner Bros Discovery Inc";"-23.29%";"-1.14%";"+2.89%";"24 Mar";"09 Apr";"16";"+11.43%";"-32.19%";"7";"10";"70%";"15.57%";"-0.41";
"476";"PARA";"Paramount Global Class B";"-53.12%";"-3.02%";"+1.04%";"24 Mar";"08 Apr";"15";"+12.87%";"-39.67%";"6";"10";"60%";"19.38%";"-0.83";
